user_name|name|lastname|correo
usuario0001|Usuario 001|Demo 001|usuario0001@utpl.edu.ec
usuario0002|Usuario 002|Demo 002|usuario0002@utpl.edu.ec
usuario0003|Usuario 003|Demo 003|usuario0003@utpl.edu.ec
usuario0004|Usuario 004|Demo 004|usuario0004@utpl.edu.ec
usuario0005|Usuario 005|Demo 005|usuario0005@utpl.edu.ec
usuario0006|Usuario 006|Demo 006|usuario0006@utpl.edu.ec
usuario0007|Usuario 007|Demo 007|usuario0007@utpl.edu.ec
usuario0008|Usuario 008|Demo 008|usuario0008@utpl.edu.ec
usuario0009|Usuario 009|Demo 009|usuario0009@utpl.edu.ec
usuario0010|Usuario 010|Demo 010|usuario0010@utpl.edu.ec
usuario0011|Usuario 011|Demo 011|usuario0011@utpl.edu.ec
usuario0012|Usuario 012|Demo 012|usuario0012@utpl.edu.ec
usuario0013|Usuario 013|Demo 013|usuario0013@utpl.edu.ec
usuario0014|Usuario 014|Demo 014|usuario0014@utpl.edu.ec
usuario0015|Usuario 015|Demo 015|usuario0015@utpl.edu.ec
usuario0016|Usuario 016|Demo 016|usuario0016@utpl.edu.ec
usuario0017|Usuario 017|Demo 017|usuario0017@utpl.edu.ec
usuario0018|Usuario 018|Demo 018|usuario0018@utpl.edu.ec
usuario0019|Usuario 019|Demo 019|usuario0019@utpl.edu.ec
usuario0020|Usuario 020|Demo 020|usuario0020@utpl.edu.ec
usuario0021|Usuario 021|Demo 021|usuario0021@utpl.edu.ec
usuario0022|Usuario 022|Demo 022|usuario0022@utpl.edu.ec
usuario0023|Usuario 023|Demo 023|usuario0023@utpl.edu.ec
usuario0024|Usuario 024|Demo 024|usuario0024@utpl.edu.ec
usuario0025|Usuario 025|Demo 025|usuario0025@utpl.edu.ec
usuario0026|Usuario 026|Demo 026|usuario0026@utpl.edu.ec
usuario0027|Usuario 027|Demo 027|usuario0027@utpl.edu.ec
usuario0028|Usuario 028|Demo 028|usuario0028@utpl.edu.ec
usuario0029|Usuario 029|Demo 029|usuario0029@utpl.edu.ec
usuario0030|Usuario 030|Demo 030|usuario0030@utpl.edu.ec
usuario0031|Usuario 031|Demo 031|usuario0031@utpl.edu.ec
usuario0032|Usuario 032|Demo 032|usuario0032@utpl.edu.ec
usuario0033|Usuario 033|Demo 033|usuario0033@utpl.edu.ec
usuario0034|Usuario 034|Demo 034|usuario0034@utpl.edu.ec
usuario0035|Usuario 035|Demo 035|usuario0035@utpl.edu.ec
usuario0036|Usuario 036|Demo 036|usuario0036@utpl.edu.ec
usuario0037|Usuario 037|Demo 037|usuario0037@utpl.edu.ec
usuario0038|Usuario 038|Demo 038|usuario0038@utpl.edu.ec
usuario0039|Usuario 039|Demo 039|usuario0039@utpl.edu.ec
usuario0040|Usuario 040|Demo 040|usuario0040@utpl.edu.ec
usuario0041|Usuario 041|Demo 041|usuario0041@utpl.edu.ec
usuario0042|Usuario 042|Demo 042|usuario0042@utpl.edu.ec
usuario0043|Usuario 043|Demo 043|usuario0043@utpl.edu.ec
usuario0044|Usuario 044|Demo 044|usuario0044@utpl.edu.ec
usuario0045|Usuario 045|Demo 045|usuario0045@utpl.edu.ec
usuario0046|Usuario 046|Demo 046|usuario0046@utpl.edu.ec
usuario0047|Usuario 047|Demo 047|usuario0047@utpl.edu.ec
usuario0048|Usuario 048|Demo 048|usuario0048@utpl.edu.ec
usuario0049|Usuario 049|Demo 049|usuario0049@utpl.edu.ec
usuario0050|Usuario 050|Demo 050|usuario0050@utpl.edu.ec
usuario0051|Usuario 051|Demo 051|usuario0051@utpl.edu.ec
usuario0052|Usuario 052|Demo 052|usuario0052@utpl.edu.ec
usuario0053|Usuario 053|Demo 053|usuario0053@utpl.edu.ec
usuario0054|Usuario 054|Demo 054|usuario0054@utpl.edu.ec
usuario0055|Usuario 055|Demo 055|usuario0055@utpl.edu.ec
usuario0056|Usuario 056|Demo 056|usuario0056@utpl.edu.ec
usuario0057|Usuario 057|Demo 057|usuario0057@utpl.edu.ec
usuario0058|Usuario 058|Demo 058|usuario0058@utpl.edu.ec
usuario0059|Usuario 059|Demo 059|usuario0059@utpl.edu.ec
usuario0060|Usuario 060|Demo 060|usuario0060@utpl.edu.ec
usuario0061|Usuario 061|Demo 061|usuario0061@utpl.edu.ec
usuario0062|Usuario 062|Demo 062|usuario0062@utpl.edu.ec
usuario0063|Usuario 063|Demo 063|usuario0063@utpl.edu.ec
usuario0064|Usuario 064|Demo 064|usuario0064@utpl.edu.ec
usuario0065|Usuario 065|Demo 065|usuario0065@utpl.edu.ec
usuario0066|Usuario 066|Demo 066|usuario0066@utpl.edu.ec
usuario0067|Usuario 067|Demo 067|usuario0067@utpl.edu.ec
usuario0068|Usuario 068|Demo 068|usuario0068@utpl.edu.ec
usuario0069|Usuario 069|Demo 069|usuario0069@utpl.edu.ec
usuario0070|Usuario 070|Demo 070|usuario0070@utpl.edu.ec
usuario0071|Usuario 071|Demo 071|usuario0071@utpl.edu.ec
usuario0072|Usuario 072|Demo 072|usuario0072@utpl.edu.ec
usuario0073|Usuario 073|Demo 073|usuario0073@utpl.edu.ec
usuario0074|Usuario 074|Demo 074|usuario0074@utpl.edu.ec
usuario0075|Usuario 075|Demo 075|usuario0075@utpl.edu.ec
usuario0076|Usuario 076|Demo 076|usuario0076@utpl.edu.ec
usuario0077|Usuario 077|Demo 077|usuario0077@utpl.edu.ec
usuario0078|Usuario 078|Demo 078|usuario0078@utpl.edu.ec
usuario0079|Usuario 079|Demo 079|usuario0079@utpl.edu.ec
usuario0080|Usuario 080|Demo 080|usuario0080@utpl.edu.ec
usuario0081|Usuario 081|Demo 081|usuario0081@utpl.edu.ec
usuario0082|Usuario 082|Demo 082|usuario0082@utpl.edu.ec
usuario0083|Usuario 083|Demo 083|usuario0083@utpl.edu.ec
usuario0084|Usuario 084|Demo 084|usuario0084@utpl.edu.ec
usuario0085|Usuario 085|Demo 085|usuario0085@utpl.edu.ec
usuario0086|Usuario 086|Demo 086|usuario0086@utpl.edu.ec
usuario0087|Usuario 087|Demo 087|usuario0087@utpl.edu.ec
usuario0088|Usuario 088|Demo 088|usuario0088@utpl.edu.ec
usuario0089|Usuario 089|Demo 089|usuario0089@utpl.edu.ec
usuario0090|Usuario 090|Demo 090|usuario0090@utpl.edu.ec
usuario0091|Usuario 091|Demo 091|usuario0091@utpl.edu.ec
usuario0092|Usuario 092|Demo 092|usuario0092@utpl.edu.ec
usuario0093|Usuario 093|Demo 093|usuario0093@utpl.edu.ec
usuario0094|Usuario 094|Demo 094|usuario0094@utpl.edu.ec
usuario0095|Usuario 095|Demo 095|usuario0095@utpl.edu.ec
usuario0096|Usuario 096|Demo 096|usuario0096@utpl.edu.ec
usuario0097|Usuario 097|Demo 097|usuario0097@utpl.edu.ec
usuario0098|Usuario 098|Demo 098|usuario0098@utpl.edu.ec
usuario0099|Usuario 099|Demo 099|usuario0099@utpl.edu.ec
usuario0100|Usuario 100|Demo 100|usuario0100@utpl.edu.ec
